{"nm":"Comp 1","mn":"","layers":[{"ty":0,"nm":"Comp 1","mn":"","sr":1,"st":0,"op":180,"ip":0,"hd":false,"cl":"","ln":"","ddd":0,"bm":0,"tt":0,"hasMask":false,"td":0,"ao":0,"ks":{"a":{"a":0,"k":[540,540,0],"ix":1},"s":{"a":0,"k":[4.444,4.444,100],"ix":6},"sk":{"a":0,"k":0},"p":{"a":0,"k":[164.75,22.5,0],"ix":2},"sa":{"a":0,"k":0},"o":{"a":0,"k":100,"ix":11},"r":{"a":0,"k":0,"ix":10}},"ef":[],"w":1080,"h":1080,"refId":"comp_0","ind":0},{"ty":5,"nm":"<empty text layer>","mn":"","sr":1,"st":0,"op":180,"ip":0,"hd":false,"cl":"","ln":"","ddd":0,"bm":0,"tt":0,"hasMask":false,"td":0,"ao":0,"ks":{"a":{"a":0,"k":[0,0,0],"ix":1},"s":{"a":0,"k":[100,100,100],"ix":6},"sk":{"a":0,"k":0},"p":{"a":0,"k":[633,-392,0],"ix":2},"sa":{"a":0,"k":0},"o":{"a":0,"k":100,"ix":11},"r":{"a":0,"k":0,"ix":10}},"ef":[],"t":{"m":{"a":{"a":0,"k":[0,0],"ix":2},"g":1},"p":{},"a":[],"d":{"k":[{"s":{"f":"Montserrat-Bold","s":18,"t":"","fc":[0.9529,0.949,0.9529],"lh":21.6,"tr":0,"j":1,"ca":1},"t":0}]}},"ind":1},{"ty":5,"nm":" ","mn":"","sr":1,"st":0,"op":180,"ip":0,"hd":false,"cl":"","ln":"","ddd":0,"bm":0,"tt":0,"hasMask":false,"td":0,"ao":0,"ks":{"a":{"a":0,"k":[0,0,0],"ix":1},"s":{"a":0,"k":[100,100,100],"ix":6},"sk":{"a":0,"k":0},"p":{"a":0,"k":[178.5,94,0],"ix":2},"sa":{"a":0,"k":0},"o":{"a":0,"k":100,"ix":11},"r":{"a":0,"k":0,"ix":10}},"ef":[],"t":{"m":{"a":{"a":0,"k":[0,0],"ix":2},"g":1},"p":{},"a":[],"d":{"k":[{"s":{"f":"Montserrat-Bold","s":18,"t":" ","fc":[0.9529,0.949,0.9529],"lh":21.6,"tr":0,"j":1,"ca":1},"t":0}]}},"ind":2},{"ty":5,"nm":"GET Started","mn":"","sr":1,"st":0,"op":180,"ip":0,"hd":false,"cl":"","ln":"","ddd":0,"bm":0,"tt":0,"hasMask":false,"td":0,"ao":0,"ks":{"a":{"a":0,"k":[0,0,0],"ix":1},"s":{"a":0,"k":[100,100,100],"ix":6},"sk":{"a":0,"k":0},"p":{"a":0,"k":[142.735,31.345,0],"ix":2},"sa":{"a":0,"k":0},"o":{"a":0,"k":100,"ix":11},"r":{"a":0,"k":0,"ix":10}},"ef":[],"t":{"m":{"a":{"a":0,"k":[0,0],"ix":2},"g":1},"p":{},"a":[],"d":{"k":[{"s":{"f":"Montserrat-Bold","s":18,"t":"GET STARTED","fc":[0.9529,0.949,0.9529],"lh":21.6,"tr":0,"j":1,"ca":1},"t":0}]}},"ind":3},{"ty":4,"nm":"Shape Layer 1","mn":"","sr":1,"st":0,"op":180,"ip":0,"hd":false,"cl":"","ln":"","ddd":0,"bm":0,"tt":0,"hasMask":false,"td":0,"ao":0,"ks":{"a":{"a":0,"k":[0,0,0],"ix":1},"s":{"a":0,"k":[100,100,100],"ix":6},"sk":{"a":0,"k":0},"p":{"a":0,"k":[100,25,0],"ix":2},"sa":{"a":0,"k":0},"o":{"a":0,"k":100,"ix":11},"r":{"a":0,"k":0,"ix":10}},"ef":[],"shapes":[{"ty":"gr","bm":0,"cl":"","ln":"","hd":false,"mn":"ADBE Vector Group","nm":"Rectangle 1","ix":1,"cix":2,"np":3,"it":[{"ty":"rc","bm":0,"cl":"","ln":"","hd":false,"mn":"ADBE Vector Shape - Rect","nm":"Rectangle Path 1","d":1,"p":{"a":0,"k":[0,0],"ix":3},"r":{"a":0,"k":20,"ix":4},"s":{"a":0,"k":[200,50],"ix":2}},{"ty":"fl","bm":0,"cl":"","ln":"","hd":false,"mn":"ADBE Vector Graphic - Fill","nm":"Fill 1","c":{"a":0,"k":[0,0.7098,0.6431],"ix":4},"r":1,"o":{"a":0,"k":100,"ix":5}},{"ty":"tr","a":{"a":0,"k":[0,0],"ix":1},"s":{"a":0,"k":[100,100],"ix":3},"sk":{"a":0,"k":0,"ix":4},"p":{"a":0,"k":[0,0],"ix":2},"r":{"a":0,"k":0,"ix":6},"sa":{"a":0,"k":0,"ix":5},"o":{"a":0,"k":100,"ix":7}}]}],"ind":4}],"ddd":0,"h":50,"w":200,"meta":{"a":"","k":"","d":"","g":"@lottiefiles/toolkit-js 0.21.1","tc":"#ffffff"},"v":"5.7.5","fr":30,"op":84,"ip":60,"fonts":{"list":[{"ascent":74.1989135742188,"fClass":"","fFamily":"Montserrat","fName":"Montserrat-Bold","fStyle":"Bold","fPath":"","fWeight":"","origin":0}]},"chars":[{"ch":"G","fFamily":"Montserrat","size":18,"style":"Bold","w":77.1,"data":{"shapes":[{"ty":"gr","bm":0,"cl":"","ln":"","hd":false,"mn":"ADBE Vector Group","nm":"G","ix":1,"cix":2,"np":3,"it":[{"ty":"sh","bm":0,"cl":"","ln":"","hd":false,"mn":"ADBE Vector Shape - Group","nm":"G","ix":1,"d":1,"ks":{"a":0,"k":{"c":true,"i":[[0,0],[4.431,0],[0,13.193],[-13.696,0],[-5.136,-5.438],[0,0],[12.387,0],[0,-21.249],[-22.156,0],[-7.755,5.841],[0,0],[0,0]],"o":[[-4.129,2.216],[-13.495,0],[0,-13.394],[7.15,0],[0,0],[-6.848,-7.956],[-22.458,0],[0,21.249],[10.071,0],[0,0],[0,0],[0,0]],"v":[[55.994,-15.71],[43.304,-12.689],[20.444,-35.248],[43.506,-57.806],[61.734,-49.85],[72.208,-59.518],[42.7,-71.704],[3.928,-35.248],[42.398,1.208],[70.898,-7.755],[70.898,-36.356],[55.994,-36.356]]},"ix":2}}]}]}},{"ch":"E","fFamily":"Montserrat","size":18,"style":"Bold","w":67.1,"data":{"shapes":[{"ty":"gr","bm":0,"cl":"","ln":"","hd":false,"mn":"ADBE Vector Group","nm":"E","ix":1,"cix":2,"np":3,"it":[{"ty":"sh","bm":0,"cl":"","ln":"","hd":false,"mn":"ADBE Vector Shape - Group","nm":"E","ix":1,"d":1,"ks":{"a":0,"k":{"c":true,"i":[[0,0],[0,0],[0,0],[0,0],[0,0],[0,0],[0,0],[0,0],[0,0],[0,0],[0,0],[0,0]],"o":[[0,0],[0,0],[0,0],[0,0],[0,0],[0,0],[0,0],[0,0],[0,0],[0,0],[0,0],[0,0]],"v":[[24.573,-13.092],[24.573,-29.407],[57.303,-29.407],[57.303,-42.096],[24.573,-42.096],[24.573,-57.404],[61.633,-57.404],[61.633,-70.496],[8.359,-70.496],[8.359,0],[62.943,0],[62.943,-13.092]]},"ix":2}}]}]}},{"ch":"T","fFamily":"Montserrat","size":18,"style":"Bold","w":62.8,"data":{"shapes":[{"ty":"gr","bm":0,"cl":"","ln":"","hd":false,"mn":"ADBE Vector Group","nm":"T","ix":1,"cix":2,"np":3,"it":[{"ty":"sh","bm":0,"cl":"","ln":"","hd":false,"mn":"ADBE Vector Shape - Group","nm":"T","ix":1,"d":1,"ks":{"a":0,"k":{"c":true,"i":[[0,0],[0,0],[0,0],[0,0],[0,0],[0,0],[0,0],[0,0]],"o":[[0,0],[0,0],[0,0],[0,0],[0,0],[0,0],[0,0],[0,0]],"v":[[22.961,0],[39.276,0],[39.276,-57.202],[61.835,-57.202],[61.835,-70.496],[0.403,-70.496],[0.403,-57.202],[22.961,-57.202]]},"ix":2}}]}]}},{"ch":" ","fFamily":"Montserrat","size":18,"style":"Bold","w":28.3,"data":{}},{"ch":"S","fFamily":"Montserrat","size":18,"style":"Bold","w":63.8,"data":{"shapes":[{"ty":"gr","bm":0,"cl":"","ln":"","hd":false,"mn":"ADBE Vector Group","nm":"S","ix":1,"cix":2,"np":3,"it":[{"ty":"sh","bm":0,"cl":"","ln":"","hd":false,"mn":"ADBE Vector Shape - Group","nm":"S","ix":1,"d":1,"ks":{"a":0,"k":{"c":true,"i":[[-11.179,0],[0,11.783],[0,12.991],[-9.668,0],[-6.546,-3.726],[0,0],[8.862,0],[0,-11.984],[0,-13.193],[9.668,0],[5.942,4.33],[0,0]],"o":[[20.142,0],[0,-25.882],[0,-4.431],[6.244,0],[0,0],[-6.546,-4.129],[-20.041,0],[0,26.184],[0,4.33],[-8.459,0],[0,0],[6.244,4.834]],"v":[[31.522,1.208],[61.432,-20.645],[20.444,-50.555],[33.838,-58.612],[53.375,-53.073],[58.411,-65.46],[33.939,-71.704],[4.23,-49.75],[45.218,-19.437],[31.622,-11.884],[8.359,-19.235],[2.82,-6.949]]},"ix":2}}]}]}},{"ch":"A","fFamily":"Montserrat","size":18,"style":"Bold","w":78.9,"data":{"shapes":[{"ty":"gr","bm":0,"cl":"","ln":"","hd":false,"mn":"ADBE Vector Group","nm":"A","ix":1,"cix":2,"np":5,"it":[{"ty":"sh","bm":0,"cl":"","ln":"","hd":false,"mn":"ADBE Vector Shape - Group","nm":"A","ix":1,"d":1,"ks":{"a":0,"k":{"c":true,"i":[[0,0],[0,0],[0,0],[0,0],[0,0],[0,0],[0,0],[0,0]],"o":[[0,0],[0,0],[0,0],[0,0],[0,0],[0,0],[0,0],[0,0]],"v":[[61.029,0],[78.149,0],[46.628,-70.496],[30.515,-70.496],[-0.906,0],[15.811,0],[22.055,-15.106],[54.785,-15.106]]},"ix":2}},{"ty":"sh","bm":0,"cl":"","ln":"","hd":false,"mn":"ADBE Vector Shape - Group","nm":"A","ix":2,"d":1,"ks":{"a":0,"k":{"c":true,"i":[[0,0],[0,0],[0,0]],"o":[[0,0],[0,0],[0,0]],"v":[[27.292,-27.493],[38.47,-54.483],[49.649,-27.493]]},"ix":2}}]}]}},{"ch":"R","fFamily":"Montserrat","size":18,"style":"Bold","w":73.5,"data":{"shapes":[{"ty":"gr","bm":0,"cl":"","ln":"","hd":false,"mn":"ADBE Vector Group","nm":"R","ix":1,"cix":2,"np":5,"it":[{"ty":"sh","bm":0,"cl":"","ln":"","hd":false,"mn":"ADBE Vector Shape - Group","nm":"R","ix":1,"d":1,"ks":{"a":0,"k":{"c":true,"i":[[0,0],[0,0],[0,10.574],[18.832,0],[0,0],[0,0],[0,0],[0,0],[0,0],[0,0],[0,0]],"o":[[0,0],[9.164,-3.928],[0,-15.811],[0,0],[0,0],[0,0],[0,0],[0,0],[0,0],[0,0],[0,0]],"v":[[70.798,0],[54.987,-22.659],[69.489,-44.916],[38.873,-70.496],[8.359,-70.496],[8.359,0],[24.673,0],[24.673,-19.638],[38.873,-19.638],[39.679,-19.638],[53.275,0]]},"ix":2}},{"ty":"sh","bm":0,"cl":"","ln":"","hd":false,"mn":"ADBE Vector Shape - Group","nm":"R","ix":2,"d":1,"ks":{"a":0,"k":{"c":true,"i":[[0,-7.755],[9.97,0],[0,0],[0,0],[0,0]],"o":[[0,7.654],[0,0],[0,0],[0,0],[9.97,0]],"v":[[52.972,-44.916],[37.967,-32.629],[24.673,-32.629],[24.673,-57.202],[37.967,-57.202]]},"ix":2}}]}]}},{"ch":"D","fFamily":"Montserrat","size":18,"style":"Bold","w":82.6,"data":{"shapes":[{"ty":"gr","bm":0,"cl":"","ln":"","hd":false,"mn":"ADBE Vector Group","nm":"D","ix":1,"cix":2,"np":5,"it":[{"ty":"sh","bm":0,"cl":"","ln":"","hd":false,"mn":"ADBE Vector Shape - Group","nm":"D","ix":1,"d":1,"ks":{"a":0,"k":{"c":true,"i":[[0,0],[0,0],[0,21.35],[23.062,0],[0,0]],"o":[[0,0],[23.062,0],[0,-21.35],[0,0],[0,0]],"v":[[8.359,0],[40.384,0],[79.257,-35.248],[40.384,-70.496],[8.359,-70.496]]},"ix":2}},{"ty":"sh","bm":0,"cl":"","ln":"","hd":false,"mn":"ADBE Vector Shape - Group","nm":"D","ix":2,"d":1,"ks":{"a":0,"k":{"c":true,"i":[[0,0],[0,0],[0,0],[0,-13.495],[13.998,0]],"o":[[0,0],[0,0],[13.998,0],[0,13.495],[0,0]],"v":[[24.673,-13.394],[24.673,-57.101],[39.578,-57.101],[62.741,-35.248],[39.578,-13.394]]},"ix":2}}]}]}}],"assets":[{"nm":"","mn":"","layers":[{"ty":4,"nm":"-- ArmRight -- Limb","mn":"","sr":1,"st":0,"op":180,"ip":0,"hd":false,"cl":"","ln":"","ddd":0,"bm":0,"tt":0,"hasMask":false,"td":0,"ao":0,"ks":{"a":{"a":0,"k":[0,0,0],"ix":1},"s":{"a":1,"k":[{"o":{"x":0,"y":0},"i":{"x":1,"y":1},"s":[100,100,100],"t":60},{"o":{"x":0,"y":0},"i":{"x":1,"y":1},"s":[100,100,100],"t":83}]},"sk":{"a":0,"k":0},"p":{"a":1,"k":[{"o":{"x":0,"y":0},"i":{"x":1,"y":1},"s":[540,540,0],"t":60},{"o":{"x":0,"y":0},"i":{"x":1,"y":1},"s":[540,540,0],"t":83}]},"sa":{"a":0,"k":0},"o":{"a":0,"k":100,"ix":11},"r":{"a":0,"k":0,"ix":10}},"ef":[{"ty":5,"mn":"Pseudo/CT Style","nm":"CT Style","ix":1,"en":1,"ef":[{"ty":2,"mn":"Pseudo/CT Style-0001","nm":"Color","ix":1,"v":{"a":0,"k":[1,1,1],"ix":1}},{"ty":0,"mn":"Pseudo/CT Style-0002","nm":"Width","ix":2,"v":{"a":1,"k":[{"o":{"x":0,"y":0},"i":{"x":1,"y":1},"s":[60],"t":60},{"o":{"x":0,"y":0},"i":{"x":1,"y":1},"s":[60],"t":83}]}},{"ty":2,"mn":"Pseudo/CT Style-0003","nm":"Outline Color","ix":3,"v":{"a":0,"k":[0.9804,0.749,0.5529],"ix":3}},{"ty":0,"mn":"Pseudo/CT Style-0004","nm":"Outline Width","ix":4,"v":{"a":1,"k":[{"o":{"x":0,"y":0},"i":{"x":1,"y":1},"s":[0],"t":60},{"o":{"x":0,"y":0},"i":{"x":1,"y":1},"s":[0],"t":83}]}},{"ty":0,"mn":"Pseudo/CT Style-0005","nm":"Start","ix":5,"v":{"a":0,"k":0,"ix":5}},{"ty":0,"mn":"Pseudo/CT Style-0006","nm":"End","ix":6,"v":{"a":0,"k":100,"ix":6}},{"ty":0,"mn":"Pseudo/CT Style-0007","nm":"Offset","ix":7,"v":{"a":0,"k":0,"ix":7}}]}],"shapes":[{"ty":"gr","bm":0,"cl":"","ln":"","hd":false,"mn":"ADBE Vector Group","nm":"Main Group","ix":1,"cix":2,"np":4,"it":[{"ty":"sh","bm":0,"cl":"","ln":"","hd":false,"mn":"ADBE Vector Shape - Group","nm":"Path 1","ix":1,"d":1,"ks":{"a":1,"k":[{"o":{"x":0,"y":0},"i":{"x":1,"y":1},"s":[{"c":false,"i":[[0,0],[59.717,-18.441],[0,0]],"o":[[0,0],[-59.717,18.441],[0,0]],"v":[[32.509,-105.242],[-85.883,-108.187],[-182,-39]]}],"t":60},{"o":{"x":0,"y":0},"i":{"x":1,"y":1},"s":[{"c":false,"i":[[0,0],[58.518,-21.953],[0,0]],"o":[[0,0],[-58.518,21.953],[0,0]],"v":[[32.509,-106.723],[-86.018,-92.024],[-184.966,-25.136]]}],"t":61},{"o":{"x":0,"y":0},"i":{"x":1,"y":1},"s":[{"c":false,"i":[[0,0],[54.193,-31.134],[0,0]],"o":[[0,0],[-54.193,31.134],[0,0]],"v":[[32.509,-110.427],[-80.729,-69.235],[-173.354,7.84]]}],"t":62},{"o":{"x":0,"y":0},"i":{"x":1,"y":1},"s":[{"c":false,"i":[[0,0],[46.552,-41.703],[0,0]],"o":[[0,0],[-46.552,41.703],[0,0]],"v":[[32.509,-115.237],[-73.857,-61.788],[-138.638,38.083]]}],"t":63},{"o":{"x":0,"y":0},"i":{"x":1,"y":1},"s":[{"c":false,"i":[[0,0],[36.74,-50.561],[0,0]],"o":[[0,0],[-36.74,50.561],[0,0]],"v":[[32.509,-120.057],[-66.818,-56.134],[-96.933,58.082]]}],"t":64},{"o":{"x":0,"y":0},"i":{"x":1,"y":1},"s":[{"c":false,"i":[[0,0],[27.763,-55.995],[0,0]],"o":[[0,0],[-27.763,55.995],[0,0]],"v":[[32.509,-123.759],[-58.676,-48.973],[-63.001,68.878]]}],"t":65},{"o":{"x":0,"y":0},"i":{"x":1,"y":1},"s":[{"c":false,"i":[[0,0],[23.878,-57.759],[0,0]],"o":[[0,0],[-23.878,57.759],[0,0]],"v":[[32.509,-125.242],[-54.317,-45.465],[-49.171,72.334]]}],"t":66},{"o":{"x":0,"y":0},"i":{"x":1,"y":1},"s":[{"c":false,"i":[[0,0],[17.428,-60.021],[0,0]],"o":[[0,0],[-17.428,60.021],[0,0]],"v":[[32.509,-123.757],[-51.86,-41.279],[-24.787,73.56]]}],"t":67},{"o":{"x":0,"y":0},"i":{"x":1,"y":1},"s":[{"c":false,"i":[[0,0],[-0.031,-62.5],[0,0]],"o":[[0,0],[0.031,62.5],[0,0]],"v":[[32.509,-120.055],[-50.634,-33.456],[32.595,53.059]]}],"t":68},{"o":{"x":0,"y":0},"i":{"x":1,"y":1},"s":[{"c":false,"i":[[0,0],[-29.348,-55.181],[0,0]],"o":[[0,0],[29.348,55.181],[0,0]],"v":[[32.509,-115.242],[-24.324,-6.627],[97.505,6.967]]}],"t":69},{"o":{"x":0,"y":0},"i":{"x":1,"y":1},"s":[{"c":false,"i":[[0,0],[-55.658,-28.432],[0,0]],"o":[[0,0],[55.658,28.432],[0,0]],"v":[[32.509,-110.429],[48.037,11.177],[155.667,-47.515]]}],"t":70},{"o":{"x":0,"y":0},"i":{"x":1,"y":1},"s":[{"c":false,"i":[[0,0],[-62.272,-5.329],[0,0]],"o":[[0,0],[62.272,5.329],[0,0]],"v":[[32.509,-106.73],[107.349,-12.067],[197.184,-92.639]]}],"t":71},{"o":{"x":0,"y":0},"i":{"x":1,"y":1},"s":[{"c":false,"i":[[0,0],[-62.464,2.129],[0,0]],"o":[[0,0],[62.464,-2.129],[0,0]],"v":[[32.509,-105.242],[125.419,-30.154],[213,-111.394]]}],"t":72},{"o":{"x":0,"y":0},"i":{"x":1,"y":1},"s":[{"c":false,"i":[[0,0],[-62.309,-4.878],[0,0]],"o":[[0,0],[62.309,4.878],[0,0]],"v":[[32.509,-106.726],[108.052,-12.627],[197.319,-93.824]]}],"t":73},{"o":{"x":0,"y":0},"i":{"x":1,"y":1},"s":[{"c":false,"i":[[0,0],[-56.42,-26.889],[0,0]],"o":[[0,0],[56.42,26.889],[0,0]],"v":[[32.509,-110.429],[50.891,10.825],[156.651,-51.266]]}],"t":74},{"o":{"x":0,"y":0},"i":{"x":1,"y":1},"s":[{"c":false,"i":[[0,0],[-31.649,-53.894],[0,0]],"o":[[0,0],[31.649,53.894],[0,0]],"v":[[32.509,-115.242],[-21.861,-5.136],[100.783,1.019]]}],"t":75},{"o":{"x":0,"y":0},"i":{"x":1,"y":1},"s":[{"c":false,"i":[[0,0],[-2.908,-62.432],[0,0]],"o":[[0,0],[2.908,62.432],[0,0]],"v":[[32.509,-120.055],[-49.763,-32.08],[40.331,47.866]]}],"t":76},{"o":{"x":0,"y":0},"i":{"x":1,"y":1},"s":[{"c":false,"i":[[0,0],[13.406,-61.045],[0,0]],"o":[[0,0],[-13.406,61.045],[0,0]],"v":[[32.509,-123.753],[-47.077,-36.607],[-11.328,75.868]]}],"t":77},{"o":{"x":0,"y":0},"i":{"x":1,"y":1},"s":[{"c":false,"i":[[0,0],[19.028,-59.533],[0,0]],"o":[[0,0],[-19.028,59.533],[0,0]],"v":[[32.509,-125.242],[-43.685,-35.113],[-33.889,82.5]]}],"t":78},{"o":{"x":0,"y":0},"i":{"x":1,"y":1},"s":[{"c":false,"i":[[0,0],[22.671,-58.243],[0,0]],"o":[[0,0],[-22.671,58.243],[0,0]],"v":[[32.509,-123.759],[-45.265,-34.667],[-48.191,83.56]]}],"t":79},{"o":{"x":0,"y":0},"i":{"x":1,"y":1},"s":[{"c":false,"i":[[0,0],[31.902,-53.745],[0,0]],"o":[[0,0],[-31.902,53.745],[0,0]],"v":[[32.509,-120.057],[-56.902,-42.335],[-82.31,73.377]]}],"t":80},{"o":{"x":0,"y":0},"i":{"x":1,"y":1},"s":[{"c":false,"i":[[0,0],[42.985,-45.371],[0,0]],"o":[[0,0],[-42.985,45.371],[0,0]],"v":[[32.509,-115.237],[-74.348,-64.924],[-118.819,44.493]]}],"t":81},{"o":{"x":0,"y":0},"i":{"x":1,"y":1},"s":[{"c":false,"i":[[0,0],[52.207,-34.36],[0,0]],"o":[[0,0],[-52.207,34.36],[0,0]],"v":[[32.509,-110.427],[-83.361,-87.963],[-149.822,9.574]]}],"t":82},{"o":{"x":0,"y":0},"i":{"x":1,"y":1},"s":[{"c":false,"i":[[0,0],[57.243,-25.091],[0,0]],"o":[[0,0],[-57.243,25.091],[0,0]],"v":[[32.509,-106.723],[-85.381,-93.292],[-175.149,-15.702]]}],"t":83}]}},{"ty":"st","bm":0,"cl":"","ln":"","hd":false,"mn":"ADBE Vector Graphic - Stroke","nm":"Main Stroke","lc":2,"lj":2,"ml":1,"o":{"a":0,"k":100,"ix":4},"w":{"a":1,"k":[{"o":{"x":0,"y":0},"i":{"x":1,"y":1},"s":[60],"t":60},{"o":{"x":0,"y":0},"i":{"x":1,"y":1},"s":[60],"t":83}]},"d":[],"c":{"a":1,"k":[{"o":{"x":0,"y":0},"i":{"x":1,"y":1},"s":[1,1,1],"t":60},{"o":{"x":0,"y":0},"i":{"x":1,"y":1},"s":[1,1,1],"t":83}]}},{"ty":"st","bm":0,"cl":"","ln":"","hd":false,"mn":"ADBE Vector Graphic - Stroke","nm":"Outline","lc":2,"lj":2,"ml":1,"o":{"a":0,"k":100,"ix":4},"w":{"a":1,"k":[{"o":{"x":0,"y":0},"i":{"x":1,"y":1},"s":[59],"t":60},{"o":{"x":0,"y":0},"i":{"x":1,"y":1},"s":[59],"t":83}]},"d":[],"c":{"a":1,"k":[{"o":{"x":0,"y":0},"i":{"x":1,"y":1},"s":[0.9804,0.749,0.5529],"t":60},{"o":{"x":0,"y":0},"i":{"x":1,"y":1},"s":[0.9804,0.749,0.5529],"t":83}]}},{"ty":"tm","bm":0,"cl":"","ln":"","hd":false,"mn":"ADBE Vector Filter - Trim","nm":"Trim Paths 1","ix":4,"e":{"a":1,"k":[{"o":{"x":0,"y":0},"i":{"x":1,"y":1},"s":[100],"t":60},{"o":{"x":0,"y":0},"i":{"x":1,"y":1},"s":[100],"t":83}]},"o":{"a":1,"k":[{"o":{"x":0,"y":0},"i":{"x":1,"y":1},"s":[0],"t":60},{"o":{"x":0,"y":0},"i":{"x":1,"y":1},"s":[0],"t":83}]},"s":{"a":1,"k":[{"o":{"x":0,"y":0},"i":{"x":1,"y":1},"s":[0],"t":60},{"o":{"x":0,"y":0},"i":{"x":1,"y":1},"s":[0],"t":83}]},"m":1},{"ty":"tr","a":{"a":0,"k":[0,0],"ix":1},"s":{"a":0,"k":[100,100],"ix":3},"sk":{"a":0,"k":0,"ix":4},"p":{"a":0,"k":[0,0],"ix":2},"r":{"a":0,"k":0,"ix":6},"sa":{"a":0,"k":0,"ix":5},"o":{"a":0,"k":100,"ix":7}}]}],"ind":0},{"ty":4,"nm":"-- LegRight -- Limb","mn":"","sr":1,"st":0,"op":180,"ip":0,"hd":false,"cl":"","ln":"","ddd":0,"bm":0,"tt":0,"hasMask":false,"td":0,"ao":0,"ks":{"a":{"a":0,"k":[0,0,0],"ix":1},"s":{"a":1,"k":[{"o":{"x":0,"y":0},"i":{"x":1,"y":1},"s":[100,100,100],"t":60},{"o":{"x":0,"y":0},"i":{"x":1,"y":1},"s":[100,100,100],"t":83}]},"sk":{"a":0,"k":0},"p":{"a":1,"k":[{"o":{"x":0,"y":0},"i":{"x":1,"y":1},"s":[540,540,0],"t":60},{"o":{"x":0,"y":0},"i":{"x":1,"y":1},"s":[540,540,0],"t":83}]},"sa":{"a":0,"k":0},"o":{"a":0,"k":100,"ix":11},"r":{"a":0,"k":0,"ix":10}},"ef":[{"ty":5,"mn":"Pseudo/CT Style","nm":"CT Style","ix":1,"en":1,"ef":[{"ty":2,"mn":"Pseudo/CT Style-0001","nm":"Color","ix":1,"v":{"a":0,"k":[1,1,1],"ix":1}},{"ty":0,"mn":"Pseudo/CT Style-0002","nm":"Width","ix":2,"v":{"a":1,"k":[{"o":{"x":0,"y":0},"i":{"x":1,"y":1},"s":[60],"t":60},{"o":{"x":0,"y":0},"i":{"x":1,"y":1},"s":[60],"t":83}]}},{"ty":2,"mn":"Pseudo/CT Style-0003","nm":"Outline Color","ix":3,"v":{"a":0,"k":[0.9804,0.749,0.5529],"ix":3}},{"ty":0,"mn":"Pseudo/CT Style-0004","nm":"Outline Width","ix":4,"v":{"a":1,"k":[{"o":{"x":0,"y":0},"i":{"x":1,"y":1},"s":[0],"t":60},{"o":{"x":0,"y":0},"i":{"x":1,"y":1},"s":[0],"t":83}]}},{"ty":0,"mn":"Pseudo/CT Style-0005","nm":"Start","ix":5,"v":{"a":0,"k":0,"ix":5}},{"ty":0,"mn":"Pseudo/CT Style-0006","nm":"End","ix":6,"v":{"a":0,"k":100,"ix":6}},{"ty":0,"mn":"Pseudo/CT Style-0007","nm":"Offset","ix":7,"v":{"a":0,"k":0,"ix":7}}]}],"shapes":[{"ty":"gr","bm":0,"cl":"","ln":"","hd":false,"mn":"ADBE Vector Group","nm":"Main Group","ix":1,"cix":2,"np":4,"it":[{"ty":"sh","bm":0,"cl":"","ln":"","hd":false,"mn":"ADBE Vector Shape - Group","nm":"Path 1","ix":1,"d":1,"ks":{"a":1,"k":[{"o":{"x":0,"y":0},"i":{"x":1,"y":1},"s":[{"c":false,"i":[[0,0],[-42.178,-62.016],[0,0]],"o":[[0,0],[42.178,62.016],[0,0]],"v":[[17.112,117.5],[113.196,227.293],[180,357]]}],"t":60},{"o":{"x":0,"y":0},"i":{"x":1,"y":1},"s":[{"c":false,"i":[[0,0],[-30.795,-68.386],[0,0]],"o":[[0,0],[30.795,68.386],[0,0]],"v":[[13.903,116.019],[111.905,218.752],[123.873,360.227]]}],"t":61},{"o":{"x":0,"y":0},"i":{"x":1,"y":1},"s":[{"c":false,"i":[[0,0],[-16.789,-73.097],[0,0]],"o":[[0,0],[16.789,73.097],[0,0]],"v":[[9.889,112.315],[94.805,225.542],[67.805,364.474]]}],"t":62},{"o":{"x":0,"y":0},"i":{"x":1,"y":1},"s":[{"c":false,"i":[[0,0],[-1.828,-74.978],[0,0]],"o":[[0,0],[1.828,74.978],[0,0]],"v":[[5.327,107.504],[64.178,236.268],[11.674,367.747]]}],"t":63},{"o":{"x":0,"y":0},"i":{"x":1,"y":1},"s":[{"c":false,"i":[[0,0],[12.508,-73.95],[0,0]],"o":[[0,0],[-12.508,73.95],[0,0]],"v":[[0.509,102.685],[21.831,243.255],[-44.534,368.995]]}],"t":64},{"o":{"x":0,"y":0},"i":{"x":1,"y":1},"s":[{"c":false,"i":[[0,0],[25.408,-70.565],[0,0]],"o":[[0,0],[-25.408,70.565],[0,0]],"v":[[-4.317,98.983],[-28.602,241.429],[-100.7,366.658]]}],"t":65},{"o":{"x":0,"y":0},"i":{"x":1,"y":1},"s":[{"c":false,"i":[[0,0],[36.988,-65.245],[0,0]],"o":[[0,0],[-36.988,65.245],[0,0]],"v":[[-8.889,97.5],[-79.649,228.835],[-156,357]]}],"t":66},{"o":{"x":0,"y":0},"i":{"x":1,"y":1},"s":[{"c":false,"i":[[0,0],[0,0],[0,0]],"o":[[0,0],[0,0],[0,0]],"v":[[-12.906,98.984],[-125.953,200.992],[-239,303]]}],"t":67},{"o":{"x":0,"y":0},"i":{"x":1,"y":1},"s":[{"c":false,"i":[[0,0],[57.468,-48.191],[0,0]],"o":[[0,0],[-57.468,48.191],[0,0]],"v":[[-16.111,102.687],[-126.846,202.007],[-243.943,293.741]]}],"t":68},{"o":{"x":0,"y":0},"i":{"x":1,"y":1},"s":[{"c":false,"i":[[0,0],[59.086,-46.193],[0,0]],"o":[[0,0],[-59.086,46.193],[0,0]],"v":[[-18.231,107.5],[-115.401,214.643],[-242.825,283.087]]}],"t":69},{"o":{"x":0,"y":0},"i":{"x":1,"y":1},"s":[{"c":false,"i":[[0,0],[60.563,-44.239],[0,0]],"o":[[0,0],[-60.563,44.239],[0,0]],"v":[[-19,112.313],[-104.488,226.23],[-239.008,273.022]]}],"t":70},{"o":{"x":0,"y":0},"i":{"x":1,"y":1},"s":[{"c":false,"i":[[0,0],[61.921,-42.317],[0,0]],"o":[[0,0],[-61.921,42.317],[0,0]],"v":[[-18.231,116.011],[-95.334,234.791],[-234.009,263.475]]}],"t":71},{"o":{"x":0,"y":0},"i":{"x":1,"y":1},"s":[{"c":false,"i":[[0,0],[63.137,-40.482],[0,0]],"o":[[0,0],[-63.137,40.482],[0,0]],"v":[[-16.111,117.5],[-88.299,239.178],[-229,254]]}],"t":72},{"o":{"x":0,"y":0},"i":{"x":1,"y":1},"s":[{"c":false,"i":[[0,0],[64.093,-38.949],[0,0]],"o":[[0,0],[-64.093,38.949],[0,0]],"v":[[-12.906,116.016],[-89.021,235.274],[-229.934,247.903]]}],"t":73},{"o":{"x":0,"y":0},"i":{"x":1,"y":1},"s":[{"c":false,"i":[[0,0],[63.165,-40.437],[0,0]],"o":[[0,0],[-63.165,40.437],[0,0]],"v":[[-8.889,112.313],[-71.363,239.525],[-213.045,243.01]]}],"t":74},{"o":{"x":0,"y":0},"i":{"x":1,"y":1},"s":[{"c":false,"i":[[0,0],[61.893,-42.359],[0,0]],"o":[[0,0],[-61.893,42.359],[0,0]],"v":[[-4.317,107.5],[-53.769,240.875],[-196,238.688]]}],"t":75},{"o":{"x":0,"y":0},"i":{"x":1,"y":1},"s":[{"c":false,"i":[[0,0],[56.353,-49.491],[0,0]],"o":[[0,0],[-56.353,49.491],[0,0]],"v":[[0.509,102.687],[-6.882,247.046],[-150.986,235.733]]}],"t":76},{"o":{"x":0,"y":0},"i":{"x":1,"y":1},"s":[{"c":false,"i":[[0,0],[45.565,-59.572],[0,0]],"o":[[0,0],[-45.565,59.572],[0,0]],"v":[[5.327,98.989],[38.886,240.926],[-106.887,245.696]]}],"t":77},{"o":{"x":0,"y":0},"i":{"x":1,"y":1},"s":[{"c":false,"i":[[0,0],[30.942,-68.32],[0,0]],"o":[[0,0],[-30.942,68.32],[0,0]],"v":[[9.889,97.5],[75.123,228.01],[-66,265.06]]}],"t":78},{"o":{"x":0,"y":0},"i":{"x":1,"y":1},"s":[{"c":false,"i":[[0,0],[11.388,-74.13],[0,0]],"o":[[0,0],[-11.388,74.13],[0,0]],"v":[[13.903,98.983],[109.849,208.559],[-14.563,284.284]]}],"t":79},{"o":{"x":0,"y":0},"i":{"x":1,"y":1},"s":[{"c":false,"i":[[0,0],[-8.448,-74.523],[0,0]],"o":[[0,0],[8.448,74.523],[0,0]],"v":[[17.112,102.685],[130.496,192.127],[40.011,304.68]]}],"t":80},{"o":{"x":0,"y":0},"i":{"x":1,"y":1},"s":[{"c":false,"i":[[0,0],[-23.548,-71.207],[0,0]],"o":[[0,0],[23.548,71.207],[0,0]],"v":[[19.242,107.504],[136.461,188.621],[90.715,323.631]]}],"t":81},{"o":{"x":0,"y":0},"i":{"x":1,"y":1},"s":[{"c":false,"i":[[0,0],[-33.637,-67.034],[0,0]],"o":[[0,0],[33.637,67.034],[0,0]],"v":[[20,112.315],[132.265,198.412],[134.188,339.878]]}],"t":82},{"o":{"x":0,"y":0},"i":{"x":1,"y":1},"s":[{"c":false,"i":[[0,0],[-39.692,-63.636],[0,0]],"o":[[0,0],[39.692,63.636],[0,0]],"v":[[19.242,116.019],[121.997,215.757],[166.376,351.908]]}],"t":83}]}},{"ty":"st","bm":0,"cl":"","ln":"","hd":false,"mn":"ADBE Vector Graphic - Stroke","nm":"Main Stroke","lc":2,"lj":2,"ml":1,"o":{"a":0,"k":100,"ix":4},"w":{"a":1,"k":[{"o":{"x":0,"y":0},"i":{"x":1,"y":1},"s":[60],"t":60},{"o":{"x":0,"y":0},"i":{"x":1,"y":1},"s":[60],"t":83}]},"d":[],"c":{"a":1,"k":[{"o":{"x":0,"y":0},"i":{"x":1,"y":1},"s":[1,1,1],"t":60},{"o":{"x":0,"y":0},"i":{"x":1,"y":1},"s":[1,1,1],"t":83}]}},{"ty":"st","bm":0,"cl":"","ln":"","hd":false,"mn":"ADBE Vector Graphic - Stroke","nm":"Outline","lc":2,"lj":2,"ml":1,"o":{"a":0,"k":100,"ix":4},"w":{"a":1,"k":[{"o":{"x":0,"y":0},"i":{"x":1,"y":1},"s":[59],"t":60},{"o":{"x":0,"y":0},"i":{"x":1,"y":1},"s":[59],"t":83}]},"d":[],"c":{"a":1,"k":[{"o":{"x":0,"y":0},"i":{"x":1,"y":1},"s":[0.9804,0.749,0.5529],"t":60},{"o":{"x":0,"y":0},"i":{"x":1,"y":1},"s":[0.9804,0.749,0.5529],"t":83}]}},{"ty":"tm","bm":0,"cl":"","ln":"","hd":false,"mn":"ADBE Vector Filter - Trim","nm":"Trim Paths 1","ix":4,"e":{"a":1,"k":[{"o":{"x":0,"y":0},"i":{"x":1,"y":1},"s":[100],"t":60},{"o":{"x":0,"y":0},"i":{"x":1,"y":1},"s":[100],"t":83}]},"o":{"a":1,"k":[{"o":{"x":0,"y":0},"i":{"x":1,"y":1},"s":[0],"t":60},{"o":{"x":0,"y":0},"i":{"x":1,"y":1},"s":[0],"t":83}]},"s":{"a":1,"k":[{"o":{"x":0,"y":0},"i":{"x":1,"y":1},"s":[0],"t":60},{"o":{"x":0,"y":0},"i":{"x":1,"y":1},"s":[0],"t":83}]},"m":1},{"ty":"tr","a":{"a":0,"k":[0,0],"ix":1},"s":{"a":0,"k":[100,100],"ix":3},"sk":{"a":0,"k":0,"ix":4},"p":{"a":0,"k":[0,0],"ix":2},"r":{"a":0,"k":0,"ix":6},"sa":{"a":0,"k":0,"ix":5},"o":{"a":0,"k":100,"ix":7}}]}],"ind":1},{"ty":4,"nm":"Head","mn":"","sr":1,"st":0,"op":180,"ip":0,"hd":false,"cl":"","ln":"","ddd":0,"bm":0,"tt":0,"hasMask":false,"td":0,"ao":0,"ks":{"a":{"a":0,"k":[-9.402,-214.757,0],"ix":1},"s":{"a":0,"k":[100,100,100],"ix":6},"sk":{"a":0,"k":0},"p":{"a":0,"k":[0,-210,0],"ix":2},"sa":{"a":0,"k":0},"o":{"a":0,"k":100,"ix":11},"r":{"a":0,"k":0,"ix":10}},"ef":[],"shapes":[{"ty":"gr","bm":0,"cl":"","ln":"","hd":false,"mn":"ADBE Vector Group","nm":"Ellipse 1","ix":1,"cix":2,"np":3,"it":[{"ty":"el","bm":0,"cl":"","ln":"","hd":false,"mn":"ADBE Vector Shape - Ellipse","nm":"Ellipse Path 1","d":1,"p":{"a":0,"k":[0,0],"ix":3},"s":{"a":0,"k":[100,100],"ix":2}},{"ty":"fl","bm":0,"cl":"","ln":"","hd":false,"mn":"ADBE Vector Graphic - Fill","nm":"Fill 1","c":{"a":0,"k":[1,1,1],"ix":4},"r":1,"o":{"a":0,"k":100,"ix":5}},{"ty":"tr","a":{"a":0,"k":[0,0],"ix":1},"s":{"a":0,"k":[100,100],"ix":3},"sk":{"a":0,"k":0,"ix":4},"p":{"a":0,"k":[-9.402,-214.757],"ix":2},"r":{"a":0,"k":0,"ix":6},"sa":{"a":0,"k":0,"ix":5},"o":{"a":0,"k":100,"ix":7}}]}],"ind":2,"parent":3},{"ty":4,"nm":"Body","mn":"","sr":1,"st":0,"op":180,"ip":0,"hd":false,"cl":"","ln":"","ddd":0,"bm":0,"tt":0,"hasMask":false,"td":0,"ao":0,"ks":{"a":{"a":0,"k":[0,0,0],"ix":1},"s":{"a":0,"k":[100,100,100],"ix":6},"sk":{"a":0,"k":0},"p":{"a":1,"k":[{"o":{"x":0,"y":0},"i":{"x":1,"y":1},"s":[555,550,0],"t":60},{"o":{"x":0,"y":0},"i":{"x":1,"y":1},"s":[555,548.519,0],"t":61},{"o":{"x":0,"y":0},"i":{"x":1,"y":1},"s":[555,544.815,0],"t":62},{"o":{"x":0,"y":0},"i":{"x":1,"y":1},"s":[555,540.004,0],"t":63},{"o":{"x":0,"y":0},"i":{"x":1,"y":1},"s":[555,535.185,0],"t":64},{"o":{"x":0,"y":0},"i":{"x":1,"y":1},"s":[555,531.483,0],"t":65},{"o":{"x":0,"y":0},"i":{"x":1,"y":1},"s":[555,530,0],"t":66},{"o":{"x":0,"y":0},"i":{"x":1,"y":1},"s":[555,531.484,0],"t":67},{"o":{"x":0,"y":0},"i":{"x":1,"y":1},"s":[555,535.187,0],"t":68},{"o":{"x":0,"y":0},"i":{"x":1,"y":1},"s":[555,544.813,0],"t":70},{"o":{"x":0,"y":0},"i":{"x":1,"y":1},"s":[555,548.511,0],"t":71},{"o":{"x":0,"y":0},"i":{"x":1,"y":1},"s":[555,550,0],"t":72},{"o":{"x":0,"y":0},"i":{"x":1,"y":1},"s":[555,548.516,0],"t":73},{"o":{"x":0,"y":0},"i":{"x":1,"y":1},"s":[555,544.813,0],"t":74},{"o":{"x":0,"y":0},"i":{"x":1,"y":1},"s":[555,535.187,0],"t":76},{"o":{"x":0,"y":0},"i":{"x":1,"y":1},"s":[555,531.489,0],"t":77},{"o":{"x":0,"y":0},"i":{"x":1,"y":1},"s":[555,530,0],"t":78},{"o":{"x":0,"y":0},"i":{"x":1,"y":1},"s":[555,531.483,0],"t":79},{"o":{"x":0,"y":0},"i":{"x":1,"y":1},"s":[555,535.185,0],"t":80},{"o":{"x":0,"y":0},"i":{"x":1,"y":1},"s":[555,540.004,0],"t":81},{"o":{"x":0,"y":0},"i":{"x":1,"y":1},"s":[555,544.815,0],"t":82},{"o":{"x":0,"y":0},"i":{"x":1,"y":1},"s":[555,548.519,0],"t":83}]},"sa":{"a":0,"k":0},"o":{"a":0,"k":100,"ix":11},"r":{"a":0,"k":8,"ix":10}},"ef":[],"shapes":[{"ty":"gr","bm":0,"cl":"","ln":"","hd":false,"mn":"ADBE Vector Group","nm":"Rectangle 1","ix":1,"cix":2,"np":3,"it":[{"ty":"rc","bm":0,"cl":"","ln":"","hd":false,"mn":"ADBE Vector Shape - Rect","nm":"Rectangle Path 1","d":1,"p":{"a":0,"k":[0,0],"ix":3},"r":{"a":0,"k":100,"ix":4},"s":{"a":0,"k":[100,300],"ix":2}},{"ty":"fl","bm":0,"cl":"","ln":"","hd":false,"mn":"ADBE Vector Graphic - Fill","nm":"Fill 1","c":{"a":0,"k":[1,1,1],"ix":4},"r":1,"o":{"a":0,"k":100,"ix":5}},{"ty":"tr","a":{"a":0,"k":[0,0],"ix":1},"s":{"a":0,"k":[100,100],"ix":3},"sk":{"a":0,"k":0,"ix":4},"p":{"a":0,"k":[0,0],"ix":2},"r":{"a":0,"k":0,"ix":6},"sa":{"a":0,"k":0,"ix":5},"o":{"a":0,"k":100,"ix":7}}]}],"ind":3},{"ty":4,"nm":"-- ArmLeft -- Limb","mn":"","sr":1,"st":0,"op":180,"ip":0,"hd":false,"cl":"","ln":"","ddd":0,"bm":0,"tt":0,"hasMask":false,"td":0,"ao":0,"ks":{"a":{"a":0,"k":[0,0,0],"ix":1},"s":{"a":1,"k":[{"o":{"x":0,"y":0},"i":{"x":1,"y":1},"s":[100,100,100],"t":60},{"o":{"x":0,"y":0},"i":{"x":1,"y":1},"s":[100,100,100],"t":83}]},"sk":{"a":0,"k":0},"p":{"a":1,"k":[{"o":{"x":0,"y":0},"i":{"x":1,"y":1},"s":[540,540,0],"t":60},{"o":{"x":0,"y":0},"i":{"x":1,"y":1},"s":[540,540,0],"t":83}]},"sa":{"a":0,"k":0},"o":{"a":0,"k":100,"ix":11},"r":{"a":0,"k":0,"ix":10}},"ef":[{"ty":5,"mn":"Pseudo/CT Style","nm":"CT Style","ix":1,"en":1,"ef":[{"ty":2,"mn":"Pseudo/CT Style-0001","nm":"Color","ix":1,"v":{"a":0,"k":[0.8,0.8,0.8],"ix":1}},{"ty":0,"mn":"Pseudo/CT Style-0002","nm":"Width","ix":2,"v":{"a":1,"k":[{"o":{"x":0,"y":0},"i":{"x":1,"y":1},"s":[60],"t":60},{"o":{"x":0,"y":0},"i":{"x":1,"y":1},"s":[60],"t":83}]}},{"ty":2,"mn":"Pseudo/CT Style-0003","nm":"Outline Color","ix":3,"v":{"a":0,"k":[0.9804,0.749,0.5529],"ix":3}},{"ty":0,"mn":"Pseudo/CT Style-0004","nm":"Outline Width","ix":4,"v":{"a":1,"k":[{"o":{"x":0,"y":0},"i":{"x":1,"y":1},"s":[0],"t":60},{"o":{"x":0,"y":0},"i":{"x":1,"y":1},"s":[0],"t":83}]}},{"ty":0,"mn":"Pseudo/CT Style-0005","nm":"Start","ix":5,"v":{"a":0,"k":0,"ix":5}},{"ty":0,"mn":"Pseudo/CT Style-0006","nm":"End","ix":6,"v":{"a":0,"k":100,"ix":6}},{"ty":0,"mn":"Pseudo/CT Style-0007","nm":"Offset","ix":7,"v":{"a":0,"k":0,"ix":7}}]}],"shapes":[{"ty":"gr","bm":0,"cl":"","ln":"","hd":false,"mn":"ADBE Vector Group","nm":"Main Group","ix":1,"cix":2,"np":4,"it":[{"ty":"sh","bm":0,"cl":"","ln":"","hd":false,"mn":"ADBE Vector Shape - Group","nm":"Path 1","ix":1,"d":1,"ks":{"a":1,"k":[{"o":{"x":0,"y":0},"i":{"x":1,"y":1},"s":[{"c":false,"i":[[0,0],[-62.464,2.129],[0,0]],"o":[[0,0],[62.464,-2.129],[0,0]],"v":[[32.509,-105.242],[125.419,-30.154],[213,-111.394]]}],"t":60},{"o":{"x":0,"y":0},"i":{"x":1,"y":1},"s":[{"c":false,"i":[[0,0],[-62.309,-4.877],[0,0]],"o":[[0,0],[62.309,4.877],[0,0]],"v":[[32.509,-106.723],[108.054,-12.625],[197.319,-93.824]]}],"t":61},{"o":{"x":0,"y":0},"i":{"x":1,"y":1},"s":[{"c":false,"i":[[0,0],[-56.421,-26.888],[0,0]],"o":[[0,0],[56.421,26.888],[0,0]],"v":[[32.509,-110.427],[50.892,10.827],[156.651,-51.266]]}],"t":62},{"o":{"x":0,"y":0},"i":{"x":1,"y":1},"s":[{"c":false,"i":[[0,0],[-31.65,-53.894],[0,0]],"o":[[0,0],[31.65,53.894],[0,0]],"v":[[32.509,-115.237],[-21.861,-5.131],[100.783,1.019]]}],"t":63},{"o":{"x":0,"y":0},"i":{"x":1,"y":1},"s":[{"c":false,"i":[[0,0],[-2.908,-62.432],[0,0]],"o":[[0,0],[2.908,62.432],[0,0]],"v":[[32.509,-120.057],[-49.762,-32.081],[40.331,47.866]]}],"t":64},{"o":{"x":0,"y":0},"i":{"x":1,"y":1},"s":[{"c":false,"i":[[0,0],[13.405,-61.045],[0,0]],"o":[[0,0],[-13.405,61.045],[0,0]],"v":[[32.509,-123.759],[-47.072,-36.608],[-11.328,75.868]]}],"t":65},{"o":{"x":0,"y":0},"i":{"x":1,"y":1},"s":[{"c":false,"i":[[0,0],[19.028,-59.533],[0,0]],"o":[[0,0],[-19.028,59.533],[0,0]],"v":[[32.509,-125.242],[-43.685,-35.113],[-33.889,82.5]]}],"t":66},{"o":{"x":0,"y":0},"i":{"x":1,"y":1},"s":[{"c":false,"i":[[0,0],[22.672,-58.243],[0,0]],"o":[[0,0],[-22.672,58.243],[0,0]],"v":[[32.509,-123.757],[-45.266,-34.667],[-48.191,83.56]]}],"t":67},{"o":{"x":0,"y":0},"i":{"x":1,"y":1},"s":[{"c":false,"i":[[0,0],[31.902,-53.745],[0,0]],"o":[[0,0],[-31.902,53.745],[0,0]],"v":[[32.509,-120.055],[-56.904,-42.335],[-82.31,73.377]]}],"t":68},{"o":{"x":0,"y":0},"i":{"x":1,"y":1},"s":[{"c":false,"i":[[0,0],[42.984,-45.372],[0,0]],"o":[[0,0],[-42.984,45.372],[0,0]],"v":[[32.509,-115.242],[-74.346,-64.924],[-118.819,44.493]]}],"t":69},{"o":{"x":0,"y":0},"i":{"x":1,"y":1},"s":[{"c":false,"i":[[0,0],[52.207,-34.361],[0,0]],"o":[[0,0],[-52.207,34.361],[0,0]],"v":[[32.509,-110.429],[-83.361,-87.962],[-149.822,9.574]]}],"t":70},{"o":{"x":0,"y":0},"i":{"x":1,"y":1},"s":[{"c":false,"i":[[0,0],[57.242,-25.092],[0,0]],"o":[[0,0],[-57.242,25.092],[0,0]],"v":[[32.509,-106.73],[-85.381,-93.292],[-175.149,-15.702]]}],"t":71},{"o":{"x":0,"y":0},"i":{"x":1,"y":1},"s":[{"c":false,"i":[[0,0],[57.525,-24.435],[0,0]],"o":[[0,0],[-57.525,24.435],[0,0]],"v":[[32.509,-105.242],[-84.719,-76.214],[-187,-12]]}],"t":72},{"o":{"x":0,"y":0},"i":{"x":1,"y":1},"s":[{"c":false,"i":[[0,0],[56.254,-27.235],[0,0]],"o":[[0,0],[-56.254,27.235],[0,0]],"v":[[32.509,-106.726],[-81.059,-57.936],[-189.769,0.889]]}],"t":73},{"o":{"x":0,"y":0},"i":{"x":1,"y":1},"s":[{"c":false,"i":[[0,0],[51.835,-34.919],[0,0]],"o":[[0,0],[-51.835,34.919],[0,0]],"v":[[32.509,-110.429],[-72.185,-43.549],[-173.499,28.348]]}],"t":74},{"o":{"x":0,"y":0},"i":{"x":1,"y":1},"s":[{"c":false,"i":[[0,0],[44.808,-43.571],[0,0]],"o":[[0,0],[-44.808,43.571],[0,0]],"v":[[32.509,-115.242],[-69.192,-52.033],[-135.222,47.859]]}],"t":75},{"o":{"x":0,"y":0},"i":{"x":1,"y":1},"s":[{"c":false,"i":[[0,0],[35.835,-51.206],[0,0]],"o":[[0,0],[-35.835,51.206],[0,0]],"v":[[32.509,-120.055],[-65.184,-53.585],[-94.174,60.965]]}],"t":76},{"o":{"x":0,"y":0},"i":{"x":1,"y":1},"s":[{"c":false,"i":[[0,0],[27.502,-56.124],[0,0]],"o":[[0,0],[-27.502,56.124],[0,0]],"v":[[32.509,-123.753],[-58.375,-48.604],[-62.074,69.267]]}],"t":77},{"o":{"x":0,"y":0},"i":{"x":1,"y":1},"s":[{"c":false,"i":[[0,0],[23.878,-57.759],[0,0]],"o":[[0,0],[-23.878,57.759],[0,0]],"v":[[32.509,-125.242],[-54.317,-45.465],[-49.171,72.334]]}],"t":78},{"o":{"x":0,"y":0},"i":{"x":1,"y":1},"s":[{"c":false,"i":[[0,0],[17.428,-60.021],[0,0]],"o":[[0,0],[-17.428,60.021],[0,0]],"v":[[32.509,-123.759],[-51.859,-41.279],[-24.787,73.56]]}],"t":79},{"o":{"x":0,"y":0},"i":{"x":1,"y":1},"s":[{"c":false,"i":[[0,0],[-0.031,-62.5],[0,0]],"o":[[0,0],[0.031,62.5],[0,0]],"v":[[32.509,-120.057],[-50.632,-33.457],[32.595,53.059]]}],"t":80},{"o":{"x":0,"y":0},"i":{"x":1,"y":1},"s":[{"c":false,"i":[[0,0],[-29.349,-55.181],[0,0]],"o":[[0,0],[29.349,55.181],[0,0]],"v":[[32.509,-115.237],[-24.325,-6.623],[97.505,6.968]]}],"t":81},{"o":{"x":0,"y":0},"i":{"x":1,"y":1},"s":[{"c":false,"i":[[0,0],[-55.659,-28.432],[0,0]],"o":[[0,0],[55.659,28.432],[0,0]],"v":[[32.509,-110.427],[48.038,11.178],[155.667,-47.515]]}],"t":82},{"o":{"x":0,"y":0},"i":{"x":1,"y":1},"s":[{"c":false,"i":[[0,0],[-62.273,-5.326],[0,0]],"o":[[0,0],[62.273,5.326],[0,0]],"v":[[32.509,-106.723],[107.353,-12.062],[197.184,-92.639]]}],"t":83}]}},{"ty":"st","bm":0,"cl":"","ln":"","hd":false,"mn":"ADBE Vector Graphic - Stroke","nm":"Main Stroke","lc":2,"lj":2,"ml":1,"o":{"a":0,"k":100,"ix":4},"w":{"a":1,"k":[{"o":{"x":0,"y":0},"i":{"x":1,"y":1},"s":[60],"t":60},{"o":{"x":0,"y":0},"i":{"x":1,"y":1},"s":[60],"t":83}]},"d":[],"c":{"a":1,"k":[{"o":{"x":0,"y":0},"i":{"x":1,"y":1},"s":[0.8,0.8,0.8],"t":60},{"o":{"x":0,"y":0},"i":{"x":1,"y":1},"s":[0.8,0.8,0.8],"t":83}]}},{"ty":"st","bm":0,"cl":"","ln":"","hd":false,"mn":"ADBE Vector Graphic - Stroke","nm":"Outline","lc":2,"lj":2,"ml":1,"o":{"a":0,"k":100,"ix":4},"w":{"a":1,"k":[{"o":{"x":0,"y":0},"i":{"x":1,"y":1},"s":[59],"t":60},{"o":{"x":0,"y":0},"i":{"x":1,"y":1},"s":[59],"t":83}]},"d":[],"c":{"a":1,"k":[{"o":{"x":0,"y":0},"i":{"x":1,"y":1},"s":[0.9804,0.749,0.5529],"t":60},{"o":{"x":0,"y":0},"i":{"x":1,"y":1},"s":[0.9804,0.749,0.5529],"t":83}]}},{"ty":"tm","bm":0,"cl":"","ln":"","hd":false,"mn":"ADBE Vector Filter - Trim","nm":"Trim Paths 1","ix":4,"e":{"a":1,"k":[{"o":{"x":0,"y":0},"i":{"x":1,"y":1},"s":[100],"t":60},{"o":{"x":0,"y":0},"i":{"x":1,"y":1},"s":[100],"t":83}]},"o":{"a":1,"k":[{"o":{"x":0,"y":0},"i":{"x":1,"y":1},"s":[0],"t":60},{"o":{"x":0,"y":0},"i":{"x":1,"y":1},"s":[0],"t":83}]},"s":{"a":1,"k":[{"o":{"x":0,"y":0},"i":{"x":1,"y":1},"s":[0],"t":60},{"o":{"x":0,"y":0},"i":{"x":1,"y":1},"s":[0],"t":83}]},"m":1},{"ty":"tr","a":{"a":0,"k":[0,0],"ix":1},"s":{"a":0,"k":[100,100],"ix":3},"sk":{"a":0,"k":0,"ix":4},"p":{"a":0,"k":[0,0],"ix":2},"r":{"a":0,"k":0,"ix":6},"sa":{"a":0,"k":0,"ix":5},"o":{"a":0,"k":100,"ix":7}}]}],"ind":4},{"ty":4,"nm":"-- LegLeft -- Limb","mn":"","sr":1,"st":0,"op":180,"ip":0,"hd":false,"cl":"","ln":"","ddd":0,"bm":0,"tt":0,"hasMask":false,"td":0,"ao":0,"ks":{"a":{"a":0,"k":[0,0,0],"ix":1},"s":{"a":1,"k":[{"o":{"x":0,"y":0},"i":{"x":1,"y":1},"s":[100,100,100],"t":60},{"o":{"x":0,"y":0},"i":{"x":1,"y":1},"s":[100,100,100],"t":83}]},"sk":{"a":0,"k":0},"p":{"a":1,"k":[{"o":{"x":0,"y":0},"i":{"x":1,"y":1},"s":[540,540,0],"t":60},{"o":{"x":0,"y":0},"i":{"x":1,"y":1},"s":[540,540,0],"t":83}]},"sa":{"a":0,"k":0},"o":{"a":0,"k":100,"ix":11},"r":{"a":0,"k":0,"ix":10}},"ef":[{"ty":5,"mn":"Pseudo/CT Style","nm":"CT Style","ix":1,"en":1,"ef":[{"ty":2,"mn":"Pseudo/CT Style-0001","nm":"Color","ix":1,"v":{"a":0,"k":[0.8,0.8,0.8],"ix":1}},{"ty":0,"mn":"Pseudo/CT Style-0002","nm":"Width","ix":2,"v":{"a":1,"k":[{"o":{"x":0,"y":0},"i":{"x":1,"y":1},"s":[60],"t":60},{"o":{"x":0,"y":0},"i":{"x":1,"y":1},"s":[60],"t":83}]}},{"ty":2,"mn":"Pseudo/CT Style-0003","nm":"Outline Color","ix":3,"v":{"a":0,"k":[0.9804,0.749,0.5529],"ix":3}},{"ty":0,"mn":"Pseudo/CT Style-0004","nm":"Outline Width","ix":4,"v":{"a":1,"k":[{"o":{"x":0,"y":0},"i":{"x":1,"y":1},"s":[0],"t":60},{"o":{"x":0,"y":0},"i":{"x":1,"y":1},"s":[0],"t":83}]}},{"ty":0,"mn":"Pseudo/CT Style-0005","nm":"Start","ix":5,"v":{"a":0,"k":0,"ix":5}},{"ty":0,"mn":"Pseudo/CT Style-0006","nm":"End","ix":6,"v":{"a":0,"k":100,"ix":6}},{"ty":0,"mn":"Pseudo/CT Style-0007","nm":"Offset","ix":7,"v":{"a":0,"k":0,"ix":7}}]}],"shapes":[{"ty":"gr","bm":0,"cl":"","ln":"","hd":false,"mn":"ADBE Vector Group","nm":"Main Group","ix":1,"cix":2,"np":4,"it":[{"ty":"sh","bm":0,"cl":"","ln":"","hd":false,"mn":"ADBE Vector Shape - Group","nm":"Path 1","ix":1,"d":1,"ks":{"a":1,"k":[{"o":{"x":0,"y":0},"i":{"x":1,"y":1},"s":[{"c":false,"i":[[0,0],[63.137,-40.482],[0,0]],"o":[[0,0],[-63.137,40.482],[0,0]],"v":[[-16.111,117.5],[-88.299,239.178],[-229,254]]}],"t":60},{"o":{"x":0,"y":0},"i":{"x":1,"y":1},"s":[{"c":false,"i":[[0,0],[64.094,-38.949],[0,0]],"o":[[0,0],[-64.094,38.949],[0,0]],"v":[[-12.906,116.019],[-89.02,235.277],[-229.934,247.903]]}],"t":61},{"o":{"x":0,"y":0},"i":{"x":1,"y":1},"s":[{"c":false,"i":[[0,0],[63.165,-40.437],[0,0]],"o":[[0,0],[-63.165,40.437],[0,0]],"v":[[-8.889,112.315],[-71.363,239.527],[-213.045,243.01]]}],"t":62},{"o":{"x":0,"y":0},"i":{"x":1,"y":1},"s":[{"c":false,"i":[[0,0],[61.893,-42.358],[0,0]],"o":[[0,0],[-61.893,42.358],[0,0]],"v":[[-4.317,107.504],[-53.769,240.88],[-196,238.688]]}],"t":63},{"o":{"x":0,"y":0},"i":{"x":1,"y":1},"s":[{"c":false,"i":[[0,0],[56.353,-49.491],[0,0]],"o":[[0,0],[-56.353,49.491],[0,0]],"v":[[0.509,102.685],[-6.882,247.044],[-150.986,235.733]]}],"t":64},{"o":{"x":0,"y":0},"i":{"x":1,"y":1},"s":[{"c":false,"i":[[0,0],[45.564,-59.573],[0,0]],"o":[[0,0],[-45.564,59.573],[0,0]],"v":[[5.327,98.983],[38.885,240.92],[-106.887,245.696]]}],"t":65},{"o":{"x":0,"y":0},"i":{"x":1,"y":1},"s":[{"c":false,"i":[[0,0],[30.942,-68.32],[0,0]],"o":[[0,0],[-30.942,68.32],[0,0]],"v":[[9.889,97.5],[75.123,228.01],[-66,265.06]]}],"t":66},{"o":{"x":0,"y":0},"i":{"x":1,"y":1},"s":[{"c":false,"i":[[0,0],[11.388,-74.13],[0,0]],"o":[[0,0],[-11.388,74.13],[0,0]],"v":[[13.903,98.984],[109.85,208.56],[-14.563,284.284]]}],"t":67},{"o":{"x":0,"y":0},"i":{"x":1,"y":1},"s":[{"c":false,"i":[[0,0],[-8.448,-74.523],[0,0]],"o":[[0,0],[8.448,74.523],[0,0]],"v":[[17.112,102.687],[130.497,192.128],[40.011,304.68]]}],"t":68},{"o":{"x":0,"y":0},"i":{"x":1,"y":1},"s":[{"c":false,"i":[[0,0],[-23.548,-71.207],[0,0]],"o":[[0,0],[23.548,71.207],[0,0]],"v":[[19.242,107.5],[136.458,188.621],[90.715,323.631]]}],"t":69},{"o":{"x":0,"y":0},"i":{"x":1,"y":1},"s":[{"c":false,"i":[[0,0],[-33.637,-67.034],[0,0]],"o":[[0,0],[33.637,67.034],[0,0]],"v":[[20,112.313],[132.264,198.412],[134.188,339.878]]}],"t":70},{"o":{"x":0,"y":0},"i":{"x":1,"y":1},"s":[{"c":false,"i":[[0,0],[-39.691,-63.636],[0,0]],"o":[[0,0],[39.691,63.636],[0,0]],"v":[[19.242,116.011],[121.99,215.759],[166.376,351.908]]}],"t":71},{"o":{"x":0,"y":0},"i":{"x":1,"y":1},"s":[{"c":false,"i":[[0,0],[-42.178,-62.016],[0,0]],"o":[[0,0],[42.178,62.016],[0,0]],"v":[[17.112,117.5],[113.196,227.293],[180,357]]}],"t":72},{"o":{"x":0,"y":0},"i":{"x":1,"y":1},"s":[{"c":false,"i":[[0,0],[-30.795,-68.386],[0,0]],"o":[[0,0],[30.795,68.386],[0,0]],"v":[[13.903,116.016],[111.902,218.752],[123.873,360.227]]}],"t":73},{"o":{"x":0,"y":0},"i":{"x":1,"y":1},"s":[{"c":false,"i":[[0,0],[-16.789,-73.097],[0,0]],"o":[[0,0],[16.789,73.097],[0,0]],"v":[[9.889,112.313],[94.803,225.541],[67.805,364.474]]}],"t":74},{"o":{"x":0,"y":0},"i":{"x":1,"y":1},"s":[{"c":false,"i":[[0,0],[-1.828,-74.978],[0,0]],"o":[[0,0],[1.828,74.978],[0,0]],"v":[[5.327,107.5],[64.173,236.266],[11.674,367.747]]}],"t":75},{"o":{"x":0,"y":0},"i":{"x":1,"y":1},"s":[{"c":false,"i":[[0,0],[12.508,-73.95],[0,0]],"o":[[0,0],[-12.508,73.95],[0,0]],"v":[[0.509,102.687],[21.832,243.256],[-44.534,368.995]]}],"t":76},{"o":{"x":0,"y":0},"i":{"x":1,"y":1},"s":[{"c":false,"i":[[0,0],[25.409,-70.565],[0,0]],"o":[[0,0],[-25.409,70.565],[0,0]],"v":[[-4.317,98.989],[-28.594,241.434],[-100.7,366.658]]}],"t":77},{"o":{"x":0,"y":0},"i":{"x":1,"y":1},"s":[{"c":false,"i":[[0,0],[36.988,-65.245],[0,0]],"o":[[0,0],[-36.988,65.245],[0,0]],"v":[[-8.889,97.5],[-79.649,228.835],[-156,357]]}],"t":78},{"o":{"x":0,"y":0},"i":{"x":1,"y":1},"s":[{"c":false,"i":[[0,0],[0,0],[0,0]],"o":[[0,0],[0,0],[0,0]],"v":[[-12.906,98.983],[-125.953,200.991],[-239,303]]}],"t":79},{"o":{"x":0,"y":0},"i":{"x":1,"y":1},"s":[{"c":false,"i":[[0,0],[57.468,-48.192],[0,0]],"o":[[0,0],[-57.468,48.192],[0,0]],"v":[[-16.111,102.685],[-126.847,202.005],[-243.943,293.741]]}],"t":80},{"o":{"x":0,"y":0},"i":{"x":1,"y":1},"s":[{"c":false,"i":[[0,0],[59.087,-46.193],[0,0]],"o":[[0,0],[-59.087,46.193],[0,0]],"v":[[-18.231,107.504],[-115.398,214.648],[-242.825,283.087]]}],"t":81},{"o":{"x":0,"y":0},"i":{"x":1,"y":1},"s":[{"c":false,"i":[[0,0],[60.563,-44.239],[0,0]],"o":[[0,0],[-60.563,44.239],[0,0]],"v":[[-19,112.315],[-104.487,226.232],[-239.008,273.022]]}],"t":82},{"o":{"x":0,"y":0},"i":{"x":1,"y":1},"s":[{"c":false,"i":[[0,0],[61.922,-42.316],[0,0]],"o":[[0,0],[-61.922,42.316],[0,0]],"v":[[-18.231,116.019],[-95.333,234.799],[-234.009,263.475]]}],"t":83}]}},{"ty":"st","bm":0,"cl":"","ln":"","hd":false,"mn":"ADBE Vector Graphic - Stroke","nm":"Main Stroke","lc":2,"lj":2,"ml":1,"o":{"a":0,"k":100,"ix":4},"w":{"a":1,"k":[{"o":{"x":0,"y":0},"i":{"x":1,"y":1},"s":[60],"t":60},{"o":{"x":0,"y":0},"i":{"x":1,"y":1},"s":[60],"t":83}]},"d":[],"c":{"a":1,"k":[{"o":{"x":0,"y":0},"i":{"x":1,"y":1},"s":[0.8,0.8,0.8],"t":60},{"o":{"x":0,"y":0},"i":{"x":1,"y":1},"s":[0.8,0.8,0.8],"t":83}]}},{"ty":"st","bm":0,"cl":"","ln":"","hd":false,"mn":"ADBE Vector Graphic - Stroke","nm":"Outline","lc":2,"lj":2,"ml":1,"o":{"a":0,"k":100,"ix":4},"w":{"a":1,"k":[{"o":{"x":0,"y":0},"i":{"x":1,"y":1},"s":[59],"t":60},{"o":{"x":0,"y":0},"i":{"x":1,"y":1},"s":[59],"t":83}]},"d":[],"c":{"a":1,"k":[{"o":{"x":0,"y":0},"i":{"x":1,"y":1},"s":[0.9804,0.749,0.5529],"t":60},{"o":{"x":0,"y":0},"i":{"x":1,"y":1},"s":[0.9804,0.749,0.5529],"t":83}]}},{"ty":"tm","bm":0,"cl":"","ln":"","hd":false,"mn":"ADBE Vector Filter - Trim","nm":"Trim Paths 1","ix":4,"e":{"a":1,"k":[{"o":{"x":0,"y":0},"i":{"x":1,"y":1},"s":[100],"t":60},{"o":{"x":0,"y":0},"i":{"x":1,"y":1},"s":[100],"t":83}]},"o":{"a":1,"k":[{"o":{"x":0,"y":0},"i":{"x":1,"y":1},"s":[0],"t":60},{"o":{"x":0,"y":0},"i":{"x":1,"y":1},"s":[0],"t":83}]},"s":{"a":1,"k":[{"o":{"x":0,"y":0},"i":{"x":1,"y":1},"s":[0],"t":60},{"o":{"x":0,"y":0},"i":{"x":1,"y":1},"s":[0],"t":83}]},"m":1},{"ty":"tr","a":{"a":0,"k":[0,0],"ix":1},"s":{"a":0,"k":[100,100],"ix":3},"sk":{"a":0,"k":0,"ix":4},"p":{"a":0,"k":[0,0],"ix":2},"r":{"a":0,"k":0,"ix":6},"sa":{"a":0,"k":0,"ix":5},"o":{"a":0,"k":100,"ix":7}}]}],"ind":5}],"id":"comp_0","fr":30}]}