{
  "v": "4.8.0",
  "meta": { "g": "LottieFiles AE ", "a": "", "k": "", "d": "", "tc": "" },
  "fr": 30,
  "ip": 0,
  "op": 59,
  "w": 127,
  "h": 39,
  "nm": "02-button",
  "ddd": 0,
  "assets": [],
  "layers": [
    {
      "ddd": 0,
      "ind": 1,
      "ty": 4,
      "nm": "Layer 1 Outlines",
      "sr": 1,
      "ks": {
        "o": { "a": 0, "k": 100, "ix": 11 },
        "r": { "a": 0, "k": 0, "ix": 10 },
        "p": { "a": 0, "k": [63.5, 19.5, 0], "ix": 2 },
        "a": { "a": 0, "k": [63.75, 19.75, 0], "ix": 1 },
        "s": { "a": 0, "k": [100, 100, 100], "ix": 6 }
      },
      "ao": 0,
      "shapes": [
        {
          "ty": "gr",
          "it": [
            {
              "ind": 0,
              "ty": "sh",
              "ix": 1,
              "ks": {
                "a": 1,
                "k": [
                  {
                    "i": { "x": 0.833, "y": 0.833 },
                    "o": { "x": 0.167, "y": 0.167 },
                    "t": 0,
                    "s": [
                      {
                        "i": [
                          [-3.313, 0],
                          [0, 0],
                          [0, -3.313],
                          [0, 0],
                          [0, 0],
                          [3.313, 0],
                          [0, 0],
                          [0, 3.313],
                          [0, 0],
                          [0, 0]
                        ],
                        "o": [
                          [0, 0],
                          [3.313, 0],
                          [0, 0],
                          [0, 0],
                          [0, 3.313],
                          [0, 0],
                          [-3.313, 0],
                          [0, 0],
                          [0, 0],
                          [0, -3.313]
                        ],
                        "v": [
                          [-57.5, -19.5],
                          [57.5, -19.5],
                          [63.5, -13.5],
                          [63.5, 0.15],
                          [63.5, 13.5],
                          [57.5, 19.5],
                          [-57.5, 19.5],
                          [-63.5, 13.5],
                          [-63.5, 0.215],
                          [-63.5, -13.5]
                        ],
                        "c": true
                      }
                    ]
                  },
                  {
                    "t": 30,
                    "s": [
                      {
                        "i": [
                          [-3.313, 0],
                          [0, 0],
                          [0, -4.25],
                          [-0.1, -12.8],
                          [0, -6.875],
                          [3.313, 0],
                          [0, 0],
                          [0, 4.438],
                          [-0.2, 11.057],
                          [0.062, 4.875]
                        ],
                        "o": [
                          [0, 0],
                          [3.313, 0],
                          [0.062, 5.75],
                          [0.087, 11.2],
                          [-0.062, 4.812],
                          [0, 0],
                          [-3.313, 0],
                          [0.062, -6.75],
                          [0.229, -12.643],
                          [0, -4.125]
                        ],
                        "v": [
                          [-57.5, -19.5],
                          [57.5, -19.5],
                          [63.5, -13.5],
                          [53.7, 0.6],
                          [63.5, 13.5],
                          [57.5, 19.5],
                          [-57.5, 19.5],
                          [-63.5, 13.5],
                          [-53, 0.643],
                          [-63.5, -13.5]
                        ],
                        "c": true
                      }
                    ]
                  }
                ],
                "ix": 2
              },
              "nm": "Path 1",
              "mn": "ADBE Vector Shape - Group",
              "hd": false
            },
            {
              "ty": "fl",
              "c": {
                "a": 1,
                "k": [
                  {
                    "i": { "x": [0.833], "y": [0.833] },
                    "o": { "x": [0.167], "y": [0.167] },
                    "t": 0,
                    "s": [0.180392156863, 0.317647058824, 0.85882358925, 1]
                  },
                  {
                    "t": 30,
                    "s": [0.109803922474, 0.662745118141, 0.78823530674, 1]
                  }
                ],
                "ix": 4
              },
              "o": { "a": 0, "k": 100, "ix": 5 },
              "r": 1,
              "bm": 0,
              "nm": "Fill 1",
              "mn": "ADBE Vector Graphic - Fill",
              "hd": false
            },
            {
              "ty": "tr",
              "p": { "a": 0, "k": [63.75, 19.75], "ix": 2 },
              "a": { "a": 0, "k": [0, 0], "ix": 1 },
              "s": { "a": 0, "k": [100, 100], "ix": 3 },
              "r": { "a": 0, "k": 0, "ix": 6 },
              "o": { "a": 0, "k": 100, "ix": 7 },
              "sk": { "a": 0, "k": 0, "ix": 4 },
              "sa": { "a": 0, "k": 0, "ix": 5 },
              "nm": "Transform"
            }
          ],
          "nm": "Group 1",
          "np": 2,
          "cix": 2,
          "bm": 0,
          "ix": 1,
          "mn": "ADBE Vector Group",
          "hd": false
        }
      ],
      "ip": 0,
      "op": 450,
      "st": 0,
      "bm": 0
    }
  ],
  "markers": []
}
